{
  "best": {
    "loss": 0.15726818518263266
  },
  "last": {
    "loss": 0.15726818518263266
  },
  "train.1": {
    "loss": 0.15726818518263266
  },
  "epoch_0": [
    "../PaletteEmbedding/model_log/checkpoints/train.1.pth",
    0.15726818518263266,
    {
      "loss": 0.15726818518263266
    }
  ]
}